pose_name,nose_y,nose_x,nose_confidence,left_eye_y,left_eye_x,left_eye_confidence,right_eye_y,right_eye_x,right_eye_confidence,left_ear_y,left_ear_x,left_ear_confidence,right_ear_y,right_ear_x,right_ear_confidence,left_shoulder_y,left_shoulder_x,left_shoulder_confidence,right_shoulder_y,right_shoulder_x,right_shoulder_confidence,left_elbow_y,left_elbow_x,left_elbow_confidence,right_elbow_y,right_elbow_x,right_elbow_confidence,left_wrist_y,left_wrist_x,left_wrist_confidence,right_wrist_y,right_wrist_x,right_wrist_confidence,left_hip_y,left_hip_x,left_hip_confidence,right_hip_y,right_hip_x,right_hip_confidence,left_knee_y,left_knee_x,left_knee_confidence,right_knee_y,right_knee_x,right_knee_confidence,left_ankle_y,left_ankle_x,left_ankle_confidence,right_ankle_y,right_ankle_x,right_ankle_confidence
Dolphin Plank Pose or Makara Adho Mukha Svanasana ,0.5658743381500244,0.8798159956932068,0.5048632621765137,0.5461385846138,0.8814506530761719,0.4571011662483215,0.5463459491729736,0.8791131973266602,0.4440404772758484,0.5301163792610168,0.8322626352310181,0.7209792137145996,0.5313740968704224,0.8284995555877686,0.8290379047393799,0.5570588707923889,0.7311548590660095,0.704683244228363,0.5774837732315063,0.7369951605796814,0.8301364779472351,0.7015398740768433,0.7359040975570679,0.6849251985549927,0.7341505289077759,0.7407938838005066,0.7551851868629456,0.7165831327438354,0.8589579463005066,0.528689980506897,0.7379056215286255,0.8632230758666992,0.7587122321128845,0.5531917214393616,0.4852777123451233,0.7140970826148987,0.5628176927566528,0.480204313993454,0.7663006782531738,0.6165716052055359,0.2664221525192261,0.7716209888458252,0.6258357763290405,0.2670247554779053,0.7648188471794128,0.6590403914451599,0.0788191109895706,0.72423255443573,0.6760125160217285,0.0601121932268142,0.7534393668174744
Dolphin Plank Pose or Makara Adho Mukha Svanasana ,0.4403185248374939,0.0853667184710502,0.5152194499969482,0.4239928126335144,0.0854911059141159,0.5333123207092285,0.4211754500865936,0.0868311747908592,0.5753057599067688,0.4217326641082763,0.1261883378028869,0.7009902000427246,0.4137043356895447,0.1270444244146347,0.6472325325012207,0.4826018810272217,0.181872546672821,0.7502849698066711,0.4677716493606567,0.2217025458812713,0.8261938095092773,0.6700410842895508,0.1956004500389099,0.7862489819526672,0.6385330557823181,0.2214153856039047,0.693774402141571,0.666246771812439,0.0518480986356735,0.5043042898178101,0.639838457107544,0.0766370519995689,0.4971606433391571,0.5458298325538635,0.4607359766960144,0.6247349977493286,0.5338736772537231,0.4644062519073486,0.7983686923980713,0.577619194984436,0.7039749026298523,0.8654300570487976,0.5713177919387817,0.7030503749847412,0.6673082113265991,0.5964130759239197,0.9228895902633668,0.7611805200576782,0.5965035557746887,0.9166247844696044,0.8031439781188965
Dolphin Plank Pose or Makara Adho Mukha Svanasana ,0.4777804017066955,0.8444234132766724,0.6002536416053772,0.4606058597564697,0.84342360496521,0.6318157315254211,0.4614737629890442,0.8404619097709656,0.6015433669090271,0.450710266828537,0.7925400733947754,0.6999282836914062,0.451785147190094,0.7863943576812744,0.6694201231002808,0.4893202185630798,0.7067487239837646,0.7175807356834412,0.4983823299407959,0.7076053619384766,0.7122029066085815,0.6247783303260803,0.7275137901306152,0.4193593263626098,0.6473938822746277,0.7305461168289185,0.8332161903381348,0.6256736516952515,0.8457226753234863,0.6015165448188782,0.6355380415916443,0.8533426523208618,0.4782096445560455,0.4807177186012268,0.4806177318096161,0.7570537328720093,0.4853917360305786,0.4788572490215301,0.7652536630630493,0.5203760862350464,0.2793057560920715,0.6247663497924805,0.5344903469085693,0.2761655151844024,0.8224432468414307,0.5676987171173096,0.0967408046126365,0.8010656237602234,0.575576901435852,0.0845706164836883,0.7411205172538757
Dolphin Plank Pose or Makara Adho Mukha Svanasana ,0.5014280080795288,0.8436233401298523,0.6935980319976807,0.4841768145561218,0.8404972553253174,0.6861802935600281,0.4859026372432709,0.8364548683166504,0.6605358719825745,0.4765500426292419,0.7905725836753845,0.646881639957428,0.4780318140983581,0.7831324934959412,0.7326311469078064,0.5141027569770813,0.7032115459442139,0.6521918773651123,0.5288472771644592,0.7051554918289185,0.6675482392311096,0.6469460725784302,0.7169179320335388,0.5119349956512451,0.6799483299255371,0.7277863025665283,0.7858511805534363,0.6563856601715088,0.847909152507782,0.5285753607749939,0.6712146997451782,0.8616179823875427,0.6021538972854614,0.5022121071815491,0.4847134053707123,0.7061727643013,0.5053960680961609,0.4823978543281555,0.7066325545310974,0.5463698506355286,0.2815062999725342,0.712024450302124,0.5562328100204468,0.2810143232345581,0.7045455574989319,0.5882099866867065,0.0928966104984283,0.6959936022758484,0.5980149507522583,0.0837122127413749,0.7482396364212036
Dolphin Plank Pose or Makara Adho Mukha Svanasana ,0.5631756782531738,0.8208427429199219,0.4566858410835266,0.5509338974952698,0.8275846242904663,0.6050614714622498,0.5495887994766235,0.8274034261703491,0.6177758574485779,0.5214179754257202,0.802804708480835,0.5742446780204773,0.5183696746826172,0.7986495494842529,0.6145107746124268,0.5351008176803589,0.7031362056732178,0.7050566077232361,0.5545412302017212,0.727446973323822,0.6961962580680847,0.6622178554534912,0.7100145220756531,0.6525965332984924,0.6897253394126892,0.735341489315033,0.7997665405273438,0.6681064963340759,0.8206528425216675,0.5446491837501526,0.6895124316215515,0.830722987651825,0.5845540761947632,0.5161310434341431,0.4972949624061584,0.7650567293167114,0.5241655707359314,0.4975855350494385,0.7487345933914185,0.5789293050765991,0.2890716195106506,0.7876402139663696,0.5886362791061401,0.2889091074466705,0.7729800343513489,0.6209039688110352,0.1394176185131073,0.6972246766090393,0.6403191089630127,0.1097350046038627,0.6210969686508179
Dolphin Plank Pose or Makara Adho Mukha Svanasana ,0.5666422843933105,0.8144724369049072,0.5480036735534668,0.5516538023948669,0.8158200979232788,0.6133573055267334,0.5519723296165466,0.8129553198814392,0.5540569424629211,0.532502293586731,0.7876006960868835,0.7652905583381653,0.5324522256851196,0.7821573615074158,0.7871306538581848,0.556081235408783,0.7178038954734802,0.7176355123519897,0.5685566663742065,0.7328598499298096,0.6288067102432251,0.6613601446151733,0.7491046190261841,0.5444979071617126,0.6783136129379272,0.764480710029602,0.6489850282669067,0.6490637063980103,0.8586694598197937,0.604395866394043,0.675105094909668,0.866115927696228,0.613798201084137,0.5480419397354126,0.5139123201370239,0.7408641576766968,0.5546071529388428,0.51466965675354,0.5968995094299316,0.5971570014953613,0.3277553021907806,0.7176725268363953,0.6090072393417358,0.3305130004882812,0.6705019474029541,0.6233055591583252,0.1854206174612045,0.6383000016212463,0.6291389465332031,0.1794845312833786,0.6312188506126404
Dolphin Plank Pose or Makara Adho Mukha Svanasana ,0.5808602571487427,0.1997819542884826,0.382036417722702,0.5703264474868774,0.1851771175861358,0.5676858425140381,0.5720136165618896,0.1839010417461395,0.6261922717094421,0.5200638175010681,0.2073733806610107,0.5924376845359802,0.5261229276657104,0.1975080072879791,0.6063815355300903,0.5351002216339111,0.2952338457107544,0.7815186977386475,0.5328080058097839,0.2924312949180603,0.7145315408706665,0.6916214227676392,0.298024833202362,0.6734387278556824,0.6726149320602417,0.3028128147125244,0.5988706946372986,0.6833995580673218,0.1772205680608749,0.4817802011966705,0.6798316240310669,0.1888529956340789,0.6205965876579285,0.5276845693588257,0.5321612358093262,0.6877878904342651,0.5220065116882324,0.5308771729469299,0.5965425968170166,0.5912306308746338,0.729100227355957,0.7518935203552246,0.5735375881195068,0.7193384170532227,0.8321608304977417,0.6333299875259399,0.9091240167617798,0.8529096841812134,0.6056873798370361,0.8829319477081299,0.6510990262031555
Dolphin Plank Pose or Makara Adho Mukha Svanasana ,0.6229033470153809,0.8078255653381348,0.4597287774085998,0.6127282977104187,0.8176642656326294,0.757749080657959,0.6070206761360168,0.8158547878265381,0.6674594283103943,0.5753960609436035,0.7954621315002441,0.667337954044342,0.5659078359603882,0.7907059192657471,0.5882877707481384,0.5796318054199219,0.7053897380828857,0.6454820036888123,0.5837633013725281,0.7126258611679077,0.6277568340301514,0.7065576314926147,0.6972834467887878,0.6282446384429932,0.7296267747879028,0.708256721496582,0.7439533472061157,0.7162256240844727,0.8007255792617798,0.5200659036636353,0.7225769758224487,0.8191169500350952,0.647158682346344,0.5881551504135132,0.4976307153701782,0.7348461151123047,0.5943834185600281,0.5011097192764282,0.6721632480621338,0.6473299264907837,0.3091148138046264,0.6671128869056702,0.6543201208114624,0.3120201230049133,0.7623125314712524,0.6618462800979614,0.1344766765832901,0.6460183262825012,0.6685926914215088,0.1169044598937034,0.5699643492698669
Dolphin Plank Pose or Makara Adho Mukha Svanasana ,0.5722865462303162,0.1131724119186401,0.7116100192070007,0.5509570837020874,0.1136748194694519,0.7818326354026794,0.552820086479187,0.1127168461680412,0.7748441100120544,0.534062385559082,0.164457619190216,0.7500539422035217,0.5327407121658325,0.1567879915237426,0.7437912225723267,0.5703814029693604,0.2394427508115768,0.7976865172386169,0.5668688416481018,0.2566424608230591,0.6679009199142456,0.7431784868240356,0.2568004131317138,0.6865586042404175,0.722344160079956,0.2710807919502258,0.4896592497825622,0.734836995601654,0.1319833099842071,0.4641481339931488,0.7240039110183716,0.1685918867588043,0.320081502199173,0.5800038576126099,0.4955473840236664,0.6859985589981079,0.5757521986961365,0.494813859462738,0.6837204694747925,0.6552139520645142,0.6959342956542969,0.5734015703201294,0.6497516632080078,0.6914709806442261,0.5307736396789551,0.6635017991065979,0.8870730400085449,0.657586395740509,0.6502876281738281,0.8535195589065552,0.548525333404541
Dolphin Plank Pose or Makara Adho Mukha Svanasana ,0.5969963073730469,0.1925217360258102,0.7033202648162842,0.5787631273269653,0.1835578382015228,0.5921840667724609,0.5796155333518982,0.1823550164699554,0.592496395111084,0.5417938232421875,0.2097518295049667,0.4595544040203094,0.5422574281692505,0.2050109207630157,0.4501995146274566,0.5537453889846802,0.2960390448570251,0.7326475977897644,0.5477604866027832,0.3086745738983154,0.6631612777709961,0.7109804153442383,0.3346502780914306,0.5906529426574707,0.6856662034988403,0.3467832803726196,0.6705054044723511,0.7020370960235596,0.2194146364927292,0.5374621152877808,0.6935156583786011,0.2354174256324768,0.4556280374526977,0.5222834348678589,0.5279222130775452,0.615827202796936,0.5178227424621582,0.5287734270095825,0.6452974677085876,0.5917831659317017,0.7306671142578125,0.8703122735023499,0.5892932415008545,0.7313992381095886,0.799176037311554,0.6386038064956665,0.9005035161972046,0.7691184878349304,0.6395664811134338,0.8904134631156921,0.6579311490058899
Dolphin Plank Pose or Makara Adho Mukha Svanasana ,0.415755957365036,0.1131415292620658,0.5781589150428772,0.3973394632339477,0.1131434291601181,0.5568645000457764,0.3973270058631897,0.1100827381014823,0.5619229674339294,0.3890513777732849,0.1572659760713577,0.819083571434021,0.389961302280426,0.1502635478973388,0.7600077986717224,0.4510774314403534,0.2151600122451782,0.8429458737373352,0.4421559572219848,0.2497408241033554,0.7566783428192139,0.6226649284362793,0.2027167379856109,0.5659381747245789,0.6045446991920471,0.226731926202774,0.6489542126655579,0.6341399550437927,0.080844447016716,0.5011762380599976,0.6246700286865234,0.1146604120731353,0.3841855227947235,0.5126284956932068,0.4846851825714111,0.6780823469161987,0.505011796951294,0.4883615970611572,0.6407711505889893,0.5495774745941162,0.707310676574707,0.7960332632064819,0.5358340740203857,0.7037438750267029,0.6520555019378662,0.5514391660690308,0.9234955310821532,0.4663386940956116,0.5410876870155334,0.9047571420669556,0.4874845147132873
Dolphin Plank Pose or Makara Adho Mukha Svanasana ,0.5420551300048828,0.889202356338501,0.6309361457824707,0.523044228553772,0.8951339721679688,0.4746423959732055,0.5226927995681763,0.8939402103424072,0.4344461858272552,0.5013622045516968,0.855675220489502,0.5887294411659241,0.4997588396072387,0.8505153656005859,0.5274439454078674,0.5208410620689392,0.7610857486724854,0.6849246025085449,0.5308153629302979,0.7633501291275024,0.7320643067359924,0.6757539510726929,0.7580053806304932,0.610450029373169,0.7005163431167603,0.7672468423843384,0.7526495456695557,0.6887790560722351,0.8665661811828613,0.5444090366363525,0.7022504806518555,0.8793929815292358,0.643039345741272,0.526105523109436,0.5137516260147095,0.6134350895881653,0.5289846658706665,0.5107223391532898,0.6516781449317932,0.5839433073997498,0.3013136088848114,0.7298762798309326,0.5892401337623596,0.2994475364685058,0.7345919013023376,0.6413494348526001,0.1000943034887313,0.6178809404373169,0.6430878639221191,0.0952855348587036,0.708666205406189
Dolphin Plank Pose or Makara Adho Mukha Svanasana ,0.5284264087677002,0.8810746073722839,0.5281416773796082,0.5128846168518066,0.8929929733276367,0.5050299763679504,0.5125377774238586,0.8941084742546082,0.5374606847763062,0.4795508086681366,0.8724154829978943,0.5284957885742188,0.4797558188438415,0.8751768469810486,0.6364902257919312,0.484487771987915,0.7692007422447205,0.7249411344528198,0.491381287574768,0.7673587203025818,0.587226927280426,0.6226354837417603,0.758483350276947,0.4349382221698761,0.6599248051643372,0.7506608963012695,0.8519505858421326,0.638136625289917,0.8688421249389648,0.5111467242240906,0.6589151620864868,0.8770370483398438,0.4467219710350036,0.4927170872688293,0.508104145526886,0.8099635243415833,0.4972476363182068,0.5078179836273193,0.7284972667694092,0.5432134866714478,0.2857368290424347,0.6565770506858826,0.5537576675415039,0.28350430727005,0.7309656143188477,0.576896607875824,0.0847250670194625,0.6668839454650879,0.5850337147712708,0.0724517703056335,0.7776317596435547
Dolphin Plank Pose or Makara Adho Mukha Svanasana ,0.5019533634185791,0.0856608152389526,0.5500072836875916,0.4875001609325409,0.0738378763198852,0.6329742074012756,0.4892427623271942,0.0709847658872604,0.6655296087265015,0.4379442632198334,0.0982480868697166,0.5552754998207092,0.4404565989971161,0.0882788300514221,0.5806750059127808,0.4367578029632568,0.1850294917821884,0.6384257078170776,0.411285251379013,0.2268927097320556,0.588263750076294,0.6196016669273376,0.2436057925224304,0.7772763967514038,0.5788328647613525,0.267807275056839,0.6058202981948853,0.5987380743026733,0.1239108890295028,0.6905536651611328,0.5868555903434753,0.1513101309537887,0.3150634169578552,0.4245578646659851,0.4694266319274902,0.7540513277053833,0.4142882823944092,0.4764480590820312,0.6723952293395996,0.5006182193756104,0.7026013731956482,0.6552537083625793,0.4901860356330871,0.6889187097549438,0.702308177947998,0.5453466176986694,0.9371376037597656,0.6629500985145569,0.528293251991272,0.8788012266159058,0.6101521849632263
Dolphin Plank Pose or Makara Adho Mukha Svanasana ,0.6277241110801697,0.8208169341087341,0.5868455767631531,0.614973783493042,0.8302091956138611,0.4704194664955139,0.6130159497261047,0.830479085445404,0.476726621389389,0.5867933034896851,0.8098120093345642,0.6040753722190857,0.5841414332389832,0.8047049045562744,0.6154682040214539,0.6002715826034546,0.7143169641494751,0.7471672892570496,0.6148369908332825,0.7206446528434753,0.7099848985671997,0.7403020858764648,0.6947175860404968,0.5202259421348572,0.7710459232330322,0.7069749236106873,0.7090598344802856,0.7369053363800049,0.8103873133659363,0.5248651504516602,0.7504794001579285,0.8102390170097351,0.5620945692062378,0.6426530480384827,0.4924065470695495,0.7751978039741516,0.6564101576805115,0.4906743466854095,0.7663499116897583,0.677946925163269,0.3219134211540222,0.5781144499778748,0.7036236524581909,0.311261385679245,0.6924788951873779,0.6822971105575562,0.1265509128570556,0.6650097370147705,0.7067381739616394,0.1005768924951553,0.6335794925689697
Dolphin Plank Pose or Makara Adho Mukha Svanasana ,0.7164695262908936,0.8446266055107117,0.7329941391944885,0.6983968019485474,0.8491899967193604,0.6282554268836975,0.6982229948043823,0.846686601638794,0.6316179037094116,0.6710158586502075,0.8128556609153748,0.5829297304153442,0.66966313123703,0.8083534240722656,0.6750129461288452,0.6861295104026794,0.7030254602432251,0.5676526427268982,0.7077414989471436,0.7363804578781128,0.7311657071113586,0.8330993056297302,0.7222925424575806,0.6067248582839966,0.856175422668457,0.7430479526519775,0.7780422568321228,0.851482629776001,0.8342944383621216,0.2992219030857086,0.8588235378265381,0.8494684100151062,0.5580565929412842,0.693654477596283,0.4921908378601074,0.6358036398887634,0.710504949092865,0.4998535811901092,0.5827842354774475,0.7615901231765747,0.3084861040115356,0.6067928075790405,0.766202449798584,0.3136712908744812,0.6016847491264343,0.7914543151855469,0.1002570241689682,0.6772226095199585,0.7892820239067078,0.0911363214254379,0.6856979727745056
Dolphin Plank Pose or Makara Adho Mukha Svanasana ,0.5792771577835083,0.8139504790306091,0.4409781992435455,0.5678174495697021,0.8149122595787048,0.6336929798126221,0.5674618482589722,0.8157495856285095,0.6156967282295227,0.5357110500335693,0.7872437238693237,0.6537846922874451,0.5337146520614624,0.7884556651115417,0.7022560834884644,0.5456905364990234,0.6889922618865967,0.6418038606643677,0.5526824593544006,0.730747640132904,0.726642906665802,0.681904673576355,0.7014595866203308,0.5372084975242615,0.6963894367218018,0.7284835577011108,0.6672976613044739,0.6814582347869873,0.7859851121902466,0.1677088439464569,0.7058602571487427,0.8620671629905701,0.6323700547218323,0.5490125417709351,0.492531955242157,0.7951611876487732,0.5552483797073364,0.4967812299728393,0.6395351886749268,0.6104081869125366,0.2943578958511352,0.7660584449768066,0.6190439462661743,0.2977606058120727,0.7622272372245789,0.6354455947875977,0.1019425094127655,0.5815613269805908,0.6463623046875,0.0912424549460411,0.6000512838363647
Dolphin Plank Pose or Makara Adho Mukha Svanasana ,0.4529731869697571,0.2231172174215316,0.6464039087295532,0.4331989288330078,0.2247223556041717,0.5417442917823792,0.4333665370941162,0.2220122665166854,0.621556282043457,0.4263852536678314,0.2575128078460693,0.6782693862915039,0.4256738424301147,0.2553666830062866,0.6985240578651428,0.48155277967453,0.2932555079460144,0.6936330795288086,0.4678979814052582,0.3133077323436737,0.7036118507385254,0.6053919196128845,0.3030292391777038,0.6131186485290527,0.5819720029830933,0.3103298544883728,0.5017269849777222,0.5997028946876526,0.1929872632026672,0.6389291882514954,0.5949457287788391,0.2308494448661804,0.329969972372055,0.5130231380462646,0.5007335543632507,0.7304916381835938,0.5069342851638794,0.511812150478363,0.5024726986885071,0.5428125858306885,0.6740431189537048,0.671901285648346,0.5430295467376709,0.6740471720695496,0.6592927575111389,0.5571113228797913,0.817602813243866,0.6499578356742859,0.5559970140457153,0.8163298964500427,0.6294821500778198
Dolphin Plank Pose or Makara Adho Mukha Svanasana ,0.5081368088722229,0.7811044454574585,0.6702731251716614,0.4987643361091614,0.7856497764587402,0.5791651606559753,0.4953782558441162,0.7851576209068298,0.6901435256004333,0.4692504107952118,0.7664823532104492,0.6575700044631958,0.4651572108268738,0.7650943994522095,0.7380412817001343,0.4859786033630371,0.6946997046470642,0.6276676654815674,0.4895149171352386,0.6888002157211304,0.7309723496437073,0.598419189453125,0.7014893293380737,0.4300310909748077,0.6212325692176819,0.6792737245559692,0.8297953605651855,0.6106895208358765,0.7992780208587646,0.546428382396698,0.6156609058380127,0.7933197021484375,0.4003901779651642,0.4989151656627655,0.4862005710601806,0.7298212647438049,0.5009438991546631,0.4875549972057342,0.6678889989852905,0.5402718782424927,0.3086585104465484,0.5374854207038879,0.5393702983856201,0.3055894374847412,0.5450817346572876,0.5748269557952881,0.1507795751094818,0.5462929606437683,0.5774025917053223,0.1257711946964264,0.4986073970794678
Dolphin Plank Pose or Makara Adho Mukha Svanasana ,0.6948172450065613,0.1824878305196762,0.6008616089820862,0.6747545599937439,0.1850096583366394,0.7092747092247009,0.6772217154502869,0.1764209270477295,0.7511661052703857,0.6431655883789062,0.237537533044815,0.5446280241012573,0.6490482091903687,0.2109546065330505,0.6765742301940918,0.6703803539276123,0.3287367820739746,0.654753565788269,0.6732016801834106,0.2533604502677917,0.6643095016479492,0.8217382431030273,0.3622728586196899,0.7847419381141663,0.7814853191375732,0.2761867046356201,0.6603622436523438,0.8271818161010742,0.2652571201324463,0.2908180058002472,0.8283795714378357,0.2306394428014755,0.3432864546775818,0.6621105670928955,0.5244359970092773,0.6996998190879822,0.6685143709182739,0.4988831877708435,0.6332312226295471,0.7004398703575134,0.6676558256149292,0.6431277394294739,0.7037098407745361,0.6376408338546753,0.693755567073822,0.7270309925079346,0.8039318919181824,0.5259488821029663,0.7209715843200684,0.7660219669342041,0.464758425951004
Dolphin Plank Pose or Makara Adho Mukha Svanasana ,0.4551072120666504,0.2208231538534164,0.6108513474464417,0.4351573586463928,0.2223976254463195,0.5491583943367004,0.4346619546413421,0.2203714549541473,0.6442078948020935,0.431168645620346,0.2564054131507873,0.6751032471656799,0.4296467304229736,0.2548975944519043,0.7035998106002808,0.4886773526668548,0.2915647327899933,0.6808373928070068,0.4707423150539398,0.3161294758319855,0.7363972663879395,0.6066887974739075,0.3030768632888794,0.6878088712692261,0.5825259685516357,0.3122594356536865,0.5221856236457825,0.6068544387817383,0.1979015916585922,0.5201184153556824,0.5969046950340271,0.2335203140974044,0.3232710659503937,0.5174950361251831,0.4966356158256531,0.6184049248695374,0.5099679827690125,0.5082903504371643,0.668793261051178,0.545826256275177,0.6736234426498413,0.6821048855781555,0.5437015295028687,0.6745488047599792,0.6410661339759827,0.560737133026123,0.8189626932144165,0.3935882747173309,0.5576213598251343,0.8127114772796631,0.6447007060050964
Dolphin Plank Pose or Makara Adho Mukha Svanasana ,0.5957688689231873,0.7515804171562195,0.6523910164833069,0.5798377394676208,0.7602682113647461,0.6385957598686218,0.5783143639564514,0.7574178576469421,0.7480478882789612,0.5579293370246887,0.7317303419113159,0.6439931988716125,0.5541861057281494,0.723540723323822,0.6473284363746643,0.5627912878990173,0.6600750684738159,0.6049998998641968,0.5766699314117432,0.6603819727897644,0.7466052174568176,0.6897643804550171,0.6370809078216553,0.4622191786766052,0.7143387198448181,0.6428912281990051,0.7040163278579712,0.695128858089447,0.7288438677787781,0.4378029704093933,0.7059215903282166,0.7291576862335205,0.4249429106712341,0.5709407329559326,0.4522258043289184,0.6779611706733704,0.5701514482498169,0.4489650428295135,0.5914441347122192,0.630599319934845,0.293431669473648,0.6186633110046387,0.6333174109458923,0.2899027466773987,0.6127106547355652,0.6605976819992065,0.1355714350938797,0.377116709947586,0.6664943099021912,0.1087472960352897,0.6790439486503601
Dolphin Plank Pose or Makara Adho Mukha Svanasana ,0.4504829347133636,0.175703078508377,0.6839410066604614,0.4294617772102356,0.1734165847301483,0.7171382308006287,0.4339275360107422,0.1690079271793365,0.615393340587616,0.4078519344329834,0.2111657559871673,0.4841616451740265,0.4172751903533935,0.2012942284345626,0.5574544072151184,0.4549044966697693,0.2517614662647247,0.6817151308059692,0.4463613629341125,0.2763624489307403,0.7331796288490295,0.5986762642860413,0.2749099731445312,0.5399701595306396,0.5794177651405334,0.288424015045166,0.6147720217704773,0.5825343132019043,0.1709052920341491,0.542227029800415,0.5792620182037354,0.1999182701110839,0.4204601943492889,0.4837066829204559,0.4908275008201599,0.6535810232162476,0.4733743071556091,0.4995392560958862,0.7244001626968384,0.5253119468688965,0.6645445227622986,0.4737740755081177,0.5117428302764893,0.6722978353500366,0.7613428235054016,0.5538175702095032,0.8378204703330994,0.5695701837539673,0.5410574078559875,0.8326324224472046,0.4907722473144531
Dolphin Plank Pose or Makara Adho Mukha Svanasana ,0.6103920340538025,0.8907253742218018,0.6987636089324951,0.5949211120605469,0.8963596820831299,0.621090292930603,0.5959472060203552,0.8984470367431641,0.6873146295547485,0.5636821985244751,0.8715352416038513,0.3826307356357574,0.5639702081680298,0.8722290992736816,0.4787942469120025,0.560036301612854,0.7805964350700378,0.6028663516044617,0.5800309181213379,0.8033239841461182,0.503386378288269,0.698431670665741,0.7505998015403748,0.5427500605583191,0.7240587472915649,0.772668719291687,0.6069149971008301,0.7021109461784363,0.8233084082603455,0.3916506767272949,0.7121105194091797,0.8679406642913818,0.5437564253807068,0.5546663403511047,0.557083010673523,0.7738459706306458,0.565423846244812,0.5613461136817932,0.6720180511474609,0.614992618560791,0.3441182076931,0.6930145621299744,0.6241564750671387,0.3471675813198089,0.6373904347419739,0.6550263166427612,0.173589214682579,0.6427646279335022,0.6662217378616333,0.1609264016151428,0.7206488251686096
Dolphin Plank Pose or Makara Adho Mukha Svanasana ,0.5382826924324036,0.9138678908348083,0.4164871573448181,0.5186692476272583,0.9205607175827026,0.4522147476673126,0.5158887505531311,0.9165236949920654,0.3737163543701172,0.486484169960022,0.8879851698875427,0.7222769260406494,0.480153888463974,0.8769580125808716,0.6654819846153259,0.5132772326469421,0.8002066016197205,0.6410245895385742,0.5211435556411743,0.7643544673919678,0.7709923982620239,0.6379875540733337,0.7872101664543152,0.4191198647022247,0.6721445918083191,0.7676384449005127,0.8007820248603821,0.64504474401474,0.9235357642173768,0.5030872821807861,0.6727789640426636,0.9168103933334352,0.4983462691307068,0.5468436479568481,0.5302345156669617,0.6029214859008789,0.5516703724861145,0.5090180039405823,0.642885148525238,0.5749546885490417,0.2913300991058349,0.7787418961524963,0.5903552770614624,0.283475786447525,0.7737125158309937,0.6052185893058777,0.0621419101953506,0.3596903383731842,0.625830352306366,0.0357321612536907,0.7769177556037903
Dolphin Plank Pose or Makara Adho Mukha Svanasana ,0.4392447173595428,0.7357856035232544,0.5750675201416016,0.414394348859787,0.7603537440299988,0.5609737038612366,0.409604400396347,0.7185026407241821,0.7802778482437134,0.3397745788097381,0.7565571665763855,0.5226519703865051,0.3164912462234497,0.6425313949584961,0.7137259840965271,0.3490030467510223,0.7311326265335083,0.3991533815860748,0.3398851752281189,0.4638320207595825,0.7539383769035339,0.5728249549865723,0.7083737850189209,0.3485236465930938,0.6446374654769897,0.356934517621994,0.8275611400604248,0.6647206544876099,0.7820121645927429,0.450181782245636,0.6773714423179626,0.5435066819190979,0.506843090057373,0.4054552316665649,0.3721583485603332,0.5789064764976501,0.386090487241745,0.2724268436431885,0.7751104831695557,0.4316454529762268,0.2367941588163375,0.4683479964733124,0.4415559470653534,0.1772156059741974,0.6543382406234741,0.4487473666667938,0.1242135465145111,0.6364972591400146,0.4590856730937958,0.0892808362841606,0.6400114297866821
Dolphin Plank Pose or Makara Adho Mukha Svanasana ,0.4164496064186096,0.8045036792755127,0.5879287123680115,0.3967554569244385,0.8105493783950806,0.4907898902893066,0.3956283032894134,0.8102824091911316,0.5637140870094299,0.3717478513717651,0.7891513705253601,0.5632957220077515,0.3707264065742492,0.7877702713012695,0.6302898526191711,0.3898368775844574,0.711702287197113,0.7312081456184387,0.4131985902786255,0.7304288148880005,0.6231759190559387,0.5239968299865723,0.698715329170227,0.5043476819992065,0.5514006018638611,0.7139815092086792,0.6269835233688354,0.5304318070411682,0.7822115421295166,0.5336780548095703,0.5452403426170349,0.7903944849967957,0.3211746215820312,0.4286057651042938,0.496399849653244,0.6840475797653198,0.440974086523056,0.4972653388977051,0.7029719352722168,0.46360844373703,0.3274309635162353,0.703131377696991,0.4823703467845917,0.3322799801826477,0.5264394283294678,0.4851260781288147,0.1682032346725464,0.5999778509140015,0.5097819566726685,0.155702918767929,0.6363903284072876
Dolphin Plank Pose or Makara Adho Mukha Svanasana ,0.5372904539108276,0.2062190622091293,0.4593038260936737,0.5213693380355835,0.1980931609869003,0.4267288744449615,0.5231363773345947,0.1993139088153839,0.5024269819259644,0.4981667399406433,0.2246286571025848,0.4228744506835937,0.5017694234848022,0.2220716774463653,0.4603525996208191,0.5190017223358154,0.2813059091567993,0.5386658906936646,0.5019603967666626,0.3021278381347656,0.7545872330665588,0.6418218612670898,0.3160744309425354,0.7140842080116272,0.6067281365394592,0.3257248997688293,0.4445847570896148,0.6289267539978027,0.238052636384964,0.4495823979377746,0.6109095811843872,0.2544312477111816,0.3680046200752258,0.5034152269363403,0.4962711930274963,0.6940943598747253,0.4914329051971435,0.5005346536636353,0.7251635193824768,0.5506572127342224,0.6702555418014526,0.7694559097290039,0.5459732413291931,0.6706358194351196,0.6692827939987183,0.5852082371711731,0.8150709867477417,0.6142931580543518,0.5759610533714294,0.802050769329071,0.4919649064540863
Dolphin Plank Pose or Makara Adho Mukha Svanasana ,0.6291123628616333,0.2497403472661972,0.5407060384750366,0.613625168800354,0.2484804093837738,0.4214374125003814,0.617006242275238,0.2423155903816223,0.6991559863090515,0.5950441956520081,0.28435879945755,0.7412877082824707,0.5998166799545288,0.2673210799694061,0.5194971561431885,0.628208339214325,0.3555837273597717,0.6435147523880005,0.6268682479858398,0.3118573725223541,0.5231882929801941,0.7615959644317627,0.363467663526535,0.6047726273536682,0.7363335490226746,0.3337787091732025,0.4268260598182678,0.7657275199890137,0.2613968253135681,0.4270078539848327,0.7538677453994751,0.2419255673885345,0.497296541929245,0.6319988369941711,0.5369254350662231,0.6330327987670898,0.6400437355041504,0.5342178344726562,0.441888153553009,0.6791620254516602,0.690986156463623,0.5080968737602234,0.679206371307373,0.6912536025047302,0.5589730143547058,0.6935836672782898,0.8631014227867126,0.5187453627586365,0.6972143054008484,0.8545453548431396,0.5717284083366394
Dolphin Plank Pose or Makara Adho Mukha Svanasana ,0.5834558010101318,0.7824260592460632,0.4732228815555572,0.5723690390586853,0.7882053852081299,0.460947722196579,0.5719824433326721,0.7887645959854126,0.4959462881088257,0.543658971786499,0.7588023543357849,0.5133724212646484,0.5429221391677856,0.7554604411125183,0.5052565336227417,0.5518907308578491,0.6865829229354858,0.6128897666931152,0.5696840286254883,0.6740478873252869,0.6860212683677673,0.6688088178634644,0.6826615333557129,0.355374127626419,0.6948347091674805,0.6603667736053467,0.7456923723220825,0.6661983728408813,0.7541477680206299,0.4047526717185974,0.6793822646141052,0.7538609504699707,0.3441319465637207,0.5611474514007568,0.4831354022026062,0.5029031038284302,0.570184588432312,0.4830670952796936,0.4930842220783233,0.6159847974777222,0.3190444111824035,0.5936992168426514,0.6219226121902466,0.3152616918087005,0.5544425249099731,0.6390105485916138,0.1742233633995056,0.564301609992981,0.6477859020233154,0.158229649066925,0.5520116686820984
Dolphin Plank Pose or Makara Adho Mukha Svanasana ,0.5658364295959473,0.1980389356613159,0.5842674970626831,0.5516839027404785,0.1859324276447296,0.548663854598999,0.5521869659423828,0.1843673437833786,0.5401434302330017,0.5067022442817688,0.2045475840568542,0.5700758695602417,0.5045530796051025,0.2053028047084808,0.6371079683303833,0.5091350674629211,0.3028284907341003,0.6854175925254822,0.5018908977508545,0.2994517683982849,0.6976391077041626,0.6619617342948914,0.3033883273601532,0.6755825877189636,0.6390043497085571,0.3081944286823272,0.3914344608783722,0.6663376092910767,0.1710645407438278,0.4380583167076111,0.656826376914978,0.2804038226604461,0.1952210068702697,0.5160269141197205,0.5553081035614014,0.5269829630851746,0.5144515037536621,0.5589637756347656,0.6172293424606323,0.5786616802215576,0.7367070913314819,0.390104591846466,0.5741703510284424,0.7373732924461365,0.3767938613891601,0.6230169534683228,0.8886934518814087,0.3636992573738098,0.6155608296394348,0.8848365545272827,0.4337063133716583
Dolphin Plank Pose or Makara Adho Mukha Svanasana ,0.4754755198955536,0.288639485836029,0.513738214969635,0.4510118663311004,0.2876940071582794,0.5227183103561401,0.4664962887763977,0.2723718881607055,0.487964391708374,0.4401488900184631,0.3157488703727722,0.5243154764175415,0.4634402394294739,0.2874707579612732,0.5387229919433594,0.4814020991325378,0.3679873347282409,0.5784631967544556,0.4758049249649048,0.3536708950996399,0.5611268877983093,0.5844224095344543,0.3630658090114593,0.5492738485336304,0.5566900968551636,0.3602851331233978,0.4439317584037781,0.5835895538330078,0.2988006770610809,0.315584659576416,0.5704449415206909,0.3217112421989441,0.2690782248973846,0.486550509929657,0.5418747663497925,0.6363078951835632,0.4825738370418548,0.5459976196289062,0.5884037613868713,0.523271381855011,0.6924581527709961,0.4713576734066009,0.5178642272949219,0.6985106468200684,0.5152247548103333,0.5359640121459961,0.8294804096221924,0.5066018104553223,0.5334353446960449,0.8229091167449951,0.4927231669425964
Dolphin Plank Pose or Makara Adho Mukha Svanasana ,0.6751746535301208,0.6674013137817383,0.4640071988105774,0.6681086421012878,0.6698786616325378,0.3696156740188598,0.668241024017334,0.6714890003204346,0.4203446805477142,0.6537095308303833,0.6658874154090881,0.5224191546440125,0.6519911289215088,0.6671507358551025,0.5039221048355103,0.6477382183074951,0.6071333885192871,0.542165994644165,0.6546013951301575,0.6092321276664734,0.6960690021514893,0.7073262929916382,0.6081862449645996,0.3285934031009674,0.7241176962852478,0.6155680418014526,0.5106831192970276,0.7514930963516235,0.6267200112342834,0.2693735361099243,0.7499527931213379,0.6280517578125,0.2840770184993744,0.6659586429595947,0.458101212978363,0.6024039387702942,0.6683732271194458,0.4650360941886902,0.5861621499061584,0.6936345100402832,0.3434733748435974,0.4695888757705688,0.6952170133590698,0.3528454005718231,0.4316809475421905,0.7102718353271484,0.2431250214576721,0.6501125693321228,0.7132827639579773,0.2436309158802032,0.6046449542045593
Dolphin Plank Pose or Makara Adho Mukha Svanasana ,0.4456746578216553,0.1510774791240692,0.6253882646560669,0.4247756898403168,0.1380739510059356,0.5808519721031189,0.4346497058868408,0.1302424222230911,0.3936659395694732,0.3455411195755005,0.1622883975505828,0.5743971467018127,0.3778869807720184,0.1415890753269195,0.5652090907096863,0.3689992427825928,0.3394484221935272,0.4920394718647003,0.2823339700698852,0.2424801588058471,0.4358507394790649,0.5927571058273315,0.3775465190410614,0.631047248840332,0.4626200795173645,0.2690491676330566,0.2881219387054443,0.5833985805511475,0.1907548904418945,0.7956157326698303,0.5525243878364563,0.1842729449272155,0.471262514591217,0.3673126399517059,0.7019718885421753,0.6723408699035645,0.2936315834522247,0.672255277633667,0.563431441783905,0.4069260060787201,0.8218509554862976,0.2089860737323761,0.3354589939117431,0.7612897753715515,0.2425548136234283,0.4025105237960815,0.9458954334259032,0.3538549840450287,0.3691055476665497,0.9317511320114136,0.3075180351734161
Dolphin Plank Pose or Makara Adho Mukha Svanasana ,0.5962624549865723,0.3310812711715698,0.4975479245185852,0.5886133909225464,0.3397662043571472,0.4053954780101776,0.5891028046607971,0.3316996097564697,0.5166559219360352,0.5711682438850403,0.3520019948482513,0.510761559009552,0.5779285430908203,0.3370703458786011,0.389358252286911,0.5812982320785522,0.3996409177780151,0.5143992900848389,0.5791270732879639,0.3514203727245331,0.5002151727676392,0.6536213159561157,0.4129338264465332,0.4776643514633178,0.6316621899604797,0.3758226037025451,0.2294250875711441,0.6676604747772217,0.3373757004737854,0.3073799014091491,0.6581099033355713,0.3060200214385986,0.3430550694465637,0.5812501311302185,0.5306075811386108,0.5977717638015747,0.5837994813919067,0.4972766637802124,0.5231518745422363,0.6079955101013184,0.6021823287010193,0.4266236126422882,0.6004919409751892,0.5528571605682373,0.666469156742096,0.6158559322357178,0.6694566607475281,0.5417734384536743,0.6147037148475647,0.6431300640106201,0.4999791085720062
Dolphin Plank Pose or Makara Adho Mukha Svanasana ,0.6491055488586426,0.7977203130722046,0.4872098565101623,0.6413441896438599,0.8006150722503662,0.4922358095645904,0.6398897767066956,0.8019788265228271,0.50069260597229,0.6258265972137451,0.7803707122802734,0.3224220871925354,0.6228306293487549,0.7768164873123169,0.432096004486084,0.643474280834198,0.7191857099533081,0.5176196098327637,0.6426103115081787,0.7049118280410767,0.4687848687171936,0.7284726500511169,0.683692216873169,0.3099209070205688,0.7413222193717957,0.6672446727752686,0.5854043364524841,0.7426968812942505,0.7227832078933716,0.3685201704502105,0.7480030059814453,0.7144045829772949,0.4095578789710998,0.6459134221076965,0.5143190622329712,0.5215284824371338,0.6471093893051147,0.5126344561576843,0.5057975053787231,0.6681790351867676,0.4096979796886444,0.4629136323928833,0.6678559184074402,0.4096133708953857,0.3999451398849487,0.6814683675765991,0.3037385940551758,0.4553841054439544,0.6798803210258484,0.3045889139175415,0.4587057828903198
Dolphin Plank Pose or Makara Adho Mukha Svanasana ,0.4770650267601013,0.4043629169464111,0.3971397876739502,0.4595125317573547,0.3992233276367187,0.3357749581336975,0.4654659032821655,0.3800141811370849,0.2792636752128601,0.4456772804260254,0.3781818747520447,0.4171395003795624,0.4464284777641296,0.3344863057136535,0.5134023427963257,0.4748018383979797,0.4177064299583435,0.3942331075668335,0.4858058094978332,0.3186231255531311,0.2019765377044677,0.5775175094604492,0.4011180400848388,0.2050065249204635,0.5913050770759583,0.2516727447509765,0.5439486503601074,0.580730676651001,0.377390593290329,0.3187637329101562,0.5753839015960693,0.3546835780143738,0.1888584643602371,0.5176599621772766,0.5427818298339844,0.432371437549591,0.5435603857040405,0.5179035663604736,0.4719411134719848,0.54876708984375,0.760995626449585,0.4419595003128052,0.5298322439193726,0.7234704494476318,0.1986834406852722,0.5676512122154236,0.9275336265563964,0.3348466157913208,0.571770191192627,0.9276751279830932,0.5198279023170471
Dolphin Plank Pose or Makara Adho Mukha Svanasana ,0.5637725591659546,0.3294144868850708,0.4167089462280273,0.5331198573112488,0.3460323214530945,0.2675637900829315,0.5420130491256714,0.3010429143905639,0.4714072942733764,0.4877694547176361,0.4224070012569427,0.3508538901805877,0.5156413316726685,0.315664529800415,0.1693183481693267,0.5336278676986694,0.5538011193275452,0.5650139451026917,0.5599241256713867,0.3923222422599792,0.3398886024951935,0.7348884344100952,0.6510035395622253,0.5083838701248169,0.6932128667831421,0.3654603362083435,0.569057285785675,0.8318274021148682,0.4997648596763611,0.3792144060134887,0.7616870403289795,0.2720186114311218,0.2799506485462188,0.5300840139389038,0.7135774493217468,0.4213971793651581,0.5292106866836548,0.639217734336853,0.3668227791786194,0.7152890563011169,0.6735403537750244,0.1775551587343216,0.7210270762443542,0.6275668144226074,0.1610773652791977,0.5475660562515259,0.7607629299163818,0.4572072029113769,0.5398670434951782,0.7460300326347351,0.2196112722158432
Dolphin Plank Pose or Makara Adho Mukha Svanasana ,0.4896971583366394,-0.0088129611685872,0.1824053674936294,0.4918490350246429,-0.0155692566186189,0.1490714401006698,0.4926935136318207,-0.0134494705125689,0.1690273433923721,0.373396635055542,-0.0108894472941756,0.1312128901481628,0.3663164377212524,-0.0043862154707312,0.1769493520259857,0.3825368583202362,0.0748042985796928,0.2050545066595077,0.337404191493988,0.0809115171432495,0.270163893699646,0.4369357824325561,0.2961708307266235,0.4420176446437835,0.4418390393257141,0.2278602123260498,0.0908270552754402,0.7275225520133972,0.2115022242069244,0.3890168368816376,0.7130621671676636,0.2040557265281677,0.2027287185192108,0.4125093817710876,0.5162498950958252,0.7228649258613586,0.3818196058273315,0.5218040943145752,0.7097492218017578,0.5298332571983337,0.91426819562912,0.4343014061450958,0.5110437273979187,0.8987829685211182,0.5919502973556519,0.5549837350845337,0.997138261795044,0.172079935669899,0.5382594466209412,0.9757949709892272,0.1280531883239746
Dolphin Plank Pose or Makara Adho Mukha Svanasana ,0.5950174331665039,0.248214840888977,0.3692512512207031,0.5772531032562256,0.247939646244049,0.5469427108764648,0.582005500793457,0.2379379570484161,0.4672897458076477,0.5511094927787781,0.278576135635376,0.4046495854854584,0.5604755878448486,0.2563078999519348,0.3194136619567871,0.5920588374137878,0.3606912791728973,0.3808969557285309,0.5904344916343689,0.3392484784126282,0.4349954724311828,0.6654336452484131,0.3661335706710815,0.1637687087059021,0.6618942618370056,0.3565103411674499,0.1938798874616623,0.6754655241966248,0.3217478394508362,0.2818900048732757,0.6737581491470337,0.3243930339813232,0.2460569441318512,0.6109755039215088,0.6558268666267395,0.2000289857387542,0.6096547842025757,0.6304019689559937,0.1752418726682663,0.6320196986198425,0.5145444869995117,0.1784437596797943,0.6298375129699707,0.5212869644165039,0.1634259074926376,0.6575373411178589,0.6321548819541931,0.1016398891806602,0.6546616554260254,0.6583062410354614,0.1185690313577652
Dolphin Plank Pose or Makara Adho Mukha Svanasana ,0.7411609888076782,0.6647883653640747,0.3411767482757568,0.7364259958267212,0.674260139465332,0.2626735270023346,0.7369927763938904,0.6674351692199707,0.2924633920192718,0.741152286529541,0.6723862886428833,0.2699283361434936,0.7398430109024048,0.6686811447143555,0.2887469530105591,0.753595232963562,0.6192535161972046,0.1311663538217544,0.7315782904624939,0.6244989037513733,0.1751656234264373,0.7313247919082642,0.4753658473491668,0.1592117249965667,0.7139233350753784,0.4964316785335541,0.297189325094223,0.7627326250076294,0.3032195270061493,0.2998070120811462,0.7612580060958862,0.3082218766212463,0.2730937600135803,0.6762725114822388,0.4699940681457519,0.193503051996231,0.6585037708282471,0.4740966558456421,0.2101785838603973,0.720259428024292,0.4838071763515472,0.2231593430042266,0.7144660353660583,0.4919112920761108,0.30750373005867,0.7648502588272095,0.3023091554641723,0.2290350943803787,0.7204424738883972,0.5057472586631775,0.0894194990396499
Dolphin Plank Pose or Makara Adho Mukha Svanasana ,0.4896793365478515,0.3223486542701721,0.2678766846656799,0.4682081937789917,0.3002594113349914,0.3599949181079864,0.4751252830028534,0.2926717400550842,0.3329457342624664,0.4491389989852905,0.3070374727249145,0.3250884115695953,0.4666490256786346,0.2924690544605255,0.249351680278778,0.5003063082695007,0.3875630497932434,0.1160267367959022,0.534503698348999,0.3966458737850189,0.1545854955911636,0.5389361381530762,0.4838224649429321,0.1601496934890747,0.551311731338501,0.4756720662117004,0.1635115295648574,0.2888066172599792,0.4876340627670288,0.2744336426258087,0.5542747974395752,0.4863969981670379,0.0605997629463672,0.5500129461288452,0.5417699217796326,0.2332234978675842,0.5674021244049072,0.5364136695861816,0.2595565617084503,0.5753813982009888,0.5676282644271851,0.2203192561864853,0.5750687122344971,0.5383830070495605,0.1808209121227264,0.603788435459137,0.644443154335022,0.420979231595993,0.6011871099472046,0.6344215869903564,0.2444000393152237
